customer_id,name,email,city,signup_date
1,Amit Sharma,amit@gmail.com,Delhi,1/1/2024
2,Riya Singh,riya@gmail.com,Mumbai,1/5/2024
3,Rahul Verma,,Bangalore,1/7/2024
4,Sneha Patel,sneha@gmail.com,Ahmedabad,1/10/2024
5,Arjun Mehta,arjun@gmail.com,Delhi,1/15/2024
6,Neha Gupta,neha@gmail.com,,1/18/2024
7,Karan Malhotra,karan@gmail.com,Delhi,1/20/2024
